<?xml version="1.0"?>
<archive xmlns="http://rs.tdwg.org/dwc/text/">
	<core encoding="UTF-8" linesTerminatedBy="\r\n" fieldsTerminatedBy="," fieldsEnclosedBy="&quot;" ignoreHeaderLines="1" rowType="http://rs.tdwg.org/dwc/terms/Taxon">
		<files>
			<location>taxon_core.csv</location>
		</files>
		<id index="1"/>
		<field index="0" term="http://rs.tdwg.org/dwc/terms/taxonRemarks"/>
		<field index="2" term="http://rs.tdwg.org/dwc/terms/scientificName"/>
		<field index="3" term="http://rs.tdwg.org/dwc/terms/vernacularName"/>
		<field index="4" term="http://purl.org/dc/terms/language"/>
	</core>
	<extension encoding="UTF-8" linesTerminatedBy="\r\n" fieldsTerminatedBy="," fieldsEnclosedBy="&quot;" ignoreHeaderLines="1" rowType="http://rs.gbif.org/terms/1.0/Description">
		<files>
			<location>taxon_description.csv</location>
		</files>
		<coreid index="0"/>
		<field index="1" term="http://purl.org/dc/terms/description"/>
		<field index="2" term="http://purl.org/dc/terms/type"/>
		<field index="3" term="http://purl.org/dc/terms/creator"/>
		<field index="4" term="http://purl.org/dc/terms/language"/>
		<field index="5" term="http://purl.org/dc/terms/license"/>
	</extension>
	<extension encoding="UTF-8" linesTerminatedBy="\r\n" fieldsTerminatedBy="," fieldsEnclosedBy="&quot;" ignoreHeaderLines="1" rowType="http://rs.gbif.org/terms/1.0/Multimedia">
		<files>
			<location>simple_multimedia.csv</location>
		</files>
		<coreid index="0"/>
		<field index="1" term="http://purl.org/dc/terms/identifier"/>
		<field index="2" term="http://purl.org/dc/terms/description"/>
		<field index="3" term="http://purl.org/dc/terms/creator"/>
		<field index="4" term="http://purl.org/dc/terms/license"/>
		<field index="5" term="http://purl.org/dc/terms/type"/>
		<field index="6" term="http://purl.org/dc/terms/format"/>
	</extension>
</archive>